{"accuracy": [0.5836830735206604, 0.8297033905982971, 0.8917135000228882, 0.9193541407585144, 0.93473219871521, 0.946795642375946, 0.9543779492378235, 0.9622448086738586, 0.9658154845237732, 0.971463143825531], "loss": [1.4306857585906982, 0.5624768733978271, 0.36099472641944885, 0.2718954086303711, 0.21709518134593964, 0.18298719823360443, 0.15860462188720703, 0.13106697797775269, 0.12270461022853851, 0.09922043234109879], "val_accuracy": [0.7963237166404724, 0.8927839994430542, 0.930855929851532, 0.9282950162887573, 0.9389938712120056, 0.9174823760986328, 0.947302520275116, 0.9629524350166321, 0.9562371969223022, 0.9613589644432068], "val_loss": [0.6320702433586121, 0.3424875736236572, 0.22340886294841766, 0.21550075709819794, 0.22246244549751282, 0.298128217458725, 0.19890271127223969, 0.13417021930217743, 0.1593274027109146, 0.15719857811927795]}